id;iso2;iso3;name;capital;area;population;continent;tld;currency_code;currency;languages;neighbours;adjective
30000;AD;AND;Andorra;Andorra la Vella;468;84000;EU;.ad;EUR;Euro;ca;ES,FR;Andorran
30001;AE;ARE;United Arab Emirates;Abu Dhabi;82880;4975593;AS;.ae;AED;Dirham;ar-AE,fa,en,hi,ur;SA,OM;
30002;AF;AFG;Afghanistan;Kabul;647500;29121286;AS;.af;AFN;Afghani;fa-AF,ps,uz-AF,tk;TM,CN,IR,TJ,PK,UZ;Afghan
30003;AG;ATG;Antigua and Barbuda;St. John's;443;86754;NA;.ag;XCD;Dollar;en-AG;;
30004;AI;AIA;Anguilla;The Valley;102;13254;NA;.ai;XCD;Dollar;en-AI;;
30005;AL;ALB;Albania;Tirana;28748;2986952;EU;.al;ALL;Lek;sq,el;MK,GR,ME,RS,XK;Albanian
30006;AM;ARM;Armenia;Yerevan;29800;2968000;AS;.am;AMD;Dram;hy;GE,IR,AZ,TR;Armenian
30007;AO;AGO;Angola;Luanda;1246700;13068161;AF;.ao;AOA;Kwanza;pt-AO;CD,NA,ZM,CG;Angolan
30008;AQ;ATA;Antarctica;;14000000;0;AN;.aq;;;;;
30009;AR;ARG;Argentina;Buenos Aires;2766890;41343201;SA;.ar;ARS;Peso;es-AR,en,it,de,fr,gn;CL,BO,UY,PY,BR;Argentinian
30010;AS;ASM;American Samoa;Pago Pago;199;57881;OC;.as;USD;Dollar;en-AS,sm,to;;
30011;AT;AUT;Austria;Vienna;83858;8205000;EU;.at;EUR;Euro;de-AT,hr,hu,sl;CH,DE,HU,SK,CZ,IT,SI,LI;Austrian
30012;AU;AUS;Australia;Canberra;7686850;21515754;OC;.au;AUD;Dollar;en-AU;;Australian
30013;AW;ABW;Aruba;Oranjestad;193;71566;NA;.aw;AWG;Guilder;nl-AW,es,en;;
30014;AX;ALA;Aland Islands;Mariehamn;1580;26711;EU;.ax;EUR;Euro;sv-AX;;
30015;AZ;AZE;Azerbaijan;Baku;86600;8303512;AS;.az;AZN;Manat;az,ru,hy;GE,IR,AM,TR,RU;Azerbaijani
30016;BA;BIH;Bosnia and Herzegovina;Sarajevo;51129;4590000;EU;.ba;BAM;Marka;bs,hr-BA,sr-BA;HR,ME,RS;
30017;BB;BRB;Barbados;Bridgetown;431;285653;NA;.bb;BBD;Dollar;en-BB;;Barbadian
30018;BD;BGD;Bangladesh;Dhaka;144000;156118464;AS;.bd;BDT;Taka;bn-BD,en;MM,IN;Bangladeshi
30019;BE;BEL;Belgium;Brussels;30510;10403000;EU;.be;EUR;Euro;nl-BE,fr-BE,de-BE;DE,NL,LU,FR;Belgian
30020;BF;BFA;Burkina Faso;Ouagadougou;274200;16241811;AF;.bf;XOF;Franc;fr-BF;NE,BJ,GH,CI,TG,ML;
30021;BG;BGR;Bulgaria;Sofia;110910;7148785;EU;.bg;BGN;Lev;bg,tr-BG,rom;MK,GR,RO,TR,RS;Bulgarian
30022;BH;BHR;Bahrain;Manama;665;738004;AS;.bh;BHD;Dinar;ar-BH,en,fa,ur;;Bahraini
30023;BI;BDI;Burundi;Bujumbura;27830;9863117;AF;.bi;BIF;Franc;fr-BI,rn;TZ,CD,RW;Burundian
30024;BJ;BEN;Benin;Porto-Novo;112620;9056010;AF;.bj;XOF;Franc;fr-BJ;NE,TG,BF,NG;Beninese
30025;BL;BLM;Saint Barthelemy;Gustavia;21;8450;NA;.gp;EUR;Euro;fr;;
30026;BM;BMU;Bermuda;Hamilton;53;65365;NA;.bm;BMD;Dollar;en-BM,pt;;
30027;BN;BRN;Brunei;Bandar Seri Begawan;5770;395027;AS;.bn;BND;Dollar;ms-BN,en-BN;MY;Beninese
30028;BO;BOL;Bolivia;Sucre;1098580;9947418;SA;.bo;BOB;Boliviano;es-BO,qu,ay;PE,CL,PY,BR,AR;Bolivian
30029;BQ;BES;Bonaire, Saint Eustatius and Saba ;;328;18012;NA;.bq;USD;Dollar;nl,pap,en;;
30030;BR;BRA;Brazil;Brasilia;8511965;201103330;SA;.br;BRL;Real;pt-BR,es,en,fr;SR,PE,BO,UY,GY,PY,GF,VE,CO,AR;Brazilian
30031;BS;BHS;Bahamas;Nassau;13940;301790;NA;.bs;BSD;Dollar;en-BS;;Bahamian
30032;BT;BTN;Bhutan;Thimphu;47000;699847;AS;.bt;BTN;Ngultrum;dz;CN,IN;Bhutanese
30033;BV;BVT;Bouvet Island;;49;0;AN;.bv;NOK;Krone;;;
30034;BW;BWA;Botswana;Gaborone;600370;2029307;AF;.bw;BWP;Pula;en-BW,tn-BW;ZW,ZA,NA;Botswanan
30035;BY;BLR;Belarus;Minsk;207600;9685000;EU;.by;BYR;Ruble;be,ru;PL,LT,UA,RU,LV;Belarusian
30036;BZ;BLZ;Belize;Belmopan;22966;314522;NA;.bz;BZD;Dollar;en-BZ,es;GT,MX;Belizean
30037;CA;CAN;Canada;Ottawa;9984670;33679000;NA;.ca;CAD;Dollar;en-CA,fr-CA,iu;US;Canadian
30038;CC;CCK;Cocos Islands;West Island;14;628;AS;.cc;AUD;Dollar;ms-CC,en;;
30039;CD;COD;Democratic Republic of the Congo;Kinshasa;2345410;70916439;AF;.cd;CDF;Franc;fr-CD,ln,kg;TZ,CF,SS,RW,ZM,BI,UG,CG,AO;Congolese
30040;CF;CAF;Central African Republic;Bangui;622984;4844927;AF;.cf;XAF;Franc;fr-CF,sg,ln,kg;TD,SD,CD,SS,CM,CG;
30041;CG;COG;Republic of the Congo;Brazzaville;342000;3039126;AF;.cg;XAF;Franc;fr-CG,kg,ln-CG;CF,GA,CD,CM,AO;
30042;CH;CHE;Switzerland;Bern;41290;7581000;EU;.ch;CHF;Franc;de-CH,fr-CH,it-CH,rm;DE,IT,LI,FR,AT;Swiss
30043;CI;CIV;Ivory Coast;Yamoussoukro;322460;21058798;AF;.ci;XOF;Franc;fr-CI;LR,GH,GN,BF,ML;
30044;CK;COK;Cook Islands;Avarua;240;21388;OC;.ck;NZD;Dollar;en-CK,mi;;
30045;CL;CHL;Chile;Santiago;756950;16746491;SA;.cl;CLP;Peso;es-CL;PE,BO,AR;Chilean
30046;CM;CMR;Cameroon;Yaounde;475440;19294149;AF;.cm;XAF;Franc;en-CM,fr-CM;TD,CF,GA,GQ,CG,NG;
30047;CN;CHN;China;Beijing;9596960;1330044000;AS;.cn;CNY;Yuan Renminbi;zh-CN,yue,wuu,dta,ug,za;LA,BT,TJ,KZ,MN,AF,NP,MM,KG,PK,KP,RU,VN,IN;a Chinese
30048;CO;COL;Colombia;Bogota;1138910;47790000;SA;.co;COP;Peso;es-CO;EC,PE,PA,BR,VE;Colombian
30049;CR;CRI;Costa Rica;San Jose;51100;4516220;NA;.cr;CRC;Colon;es-CR,en;PA,NI;Costa Rican
30050;CU;CUB;Cuba;Havana;110860;11423000;NA;.cu;CUP;Peso;es-CU;US;Cuban
30051;CV;CPV;Cape Verde;Praia;4033;508659;AF;.cv;CVE;Escudo;pt-CV;;
30052;CW;CUW;Curacao; Willemstad;444;141766;NA;.cw;ANG;Guilder;nl,pap;;
30053;CX;CXR;Christmas Island;Flying Fish Cove;135;1500;AS;.cx;AUD;Dollar;en,zh,ms-CC;;
30054;CY;CYP;Cyprus;Nicosia;9250;1102677;EU;.cy;EUR;Euro;el-CY,tr-CY,en;;Cypriot
30055;CZ;CZE;Czech Republic;Prague;78866;10476000;EU;.cz;CZK;Koruna;cs,sk;PL,DE,SK,AT;Czech
30056;DE;DEU;Germany;Berlin;357021;81802257;EU;.de;EUR;Euro;de;CH,PL,NL,DK,BE,CZ,LU,FR,AT;German
30057;DJ;DJI;Djibouti;Djibouti;23000;740528;AF;.dj;DJF;Franc;fr-DJ,ar,so-DJ,aa;ER,ET,SO;Djiboutian
30058;DK;DNK;Denmark;Copenhagen;43094;5484000;EU;.dk;DKK;Krone;da-DK,en,fo,de-DK;DE;Danish
30059;DM;DMA;Dominica;Roseau;754;72813;NA;.dm;XCD;Dollar;en-DM;;Dominican
30060;DO;DOM;Dominican Republic;Santo Domingo;48730;9823821;NA;.do;DOP;Peso;es-DO;HT;
30061;DZ;DZA;Algeria;Algiers;2381740;34586184;AF;.dz;DZD;Dinar;ar-DZ;NE,EH,LY,MR,TN,MA,ML;Algerian
30062;EC;ECU;Ecuador;Quito;283560;14790608;SA;.ec;USD;Dollar;es-EC;PE,CO;Ecuadorean
30063;EE;EST;Estonia;Tallinn;45226;1291170;EU;.ee;EUR;Euro;et,ru;RU,LV;Estonian
30064;EG;EGY;Egypt;Cairo;1001450;80471869;AF;.eg;EGP;Pound;ar-EG,en,fr;LY,SD,IL,PS;Egyptian
30065;EH;ESH;Western Sahara;El-Aaiun;266000;273008;AF;.eh;MAD;Dirham;ar,mey;DZ,MR,MA;
30066;ER;ERI;Eritrea;Asmara;121320;5792984;AF;.er;ERN;Nakfa;aa-ER,ar,tig,kun,ti-ER;ET,SD,DJ;Eritrean
30067;ES;ESP;Spain;Madrid;504782;46505963;EU;.es;EUR;Euro;es-ES,ca,gl,eu,oc;AD,PT,GI,FR,MA;South Korean
30068;ET;ETH;Ethiopia;Addis Ababa;1127127;88013491;AF;.et;ETB;Birr;am,en-ET,om-ET,ti-ET,so-ET,sid;ER,KE,SD,SS,SO,DJ;Ethiopian
30069;FI;FIN;Finland;Helsinki;337030;5244000;EU;.fi;EUR;Euro;fi-FI,sv-FI,smn;NO,RU,SE;Finnish
30070;FJ;FJI;Fiji;Suva;18270;875983;OC;.fj;FJD;Dollar;en-FJ,fj;;Fijian
30071;FK;FLK;Falkland Islands;Stanley;12173;2638;SA;.fk;FKP;Pound;en-FK;;
30072;FM;FSM;Micronesia;Palikir;702;107708;OC;.fm;USD;Dollar;en-FM,chk,pon,yap,kos,uli,woe,nkr,kpg;;
30073;FO;FRO;Faroe Islands;Torshavn;1399;48228;EU;.fo;DKK;Krone;fo,da-FO;;
30074;FR;FRA;France;Paris;547030;64768389;EU;.fr;EUR;Euro;fr-FR,frp,br,co,ca,eu,oc;CH,DE,BE,LU,IT,AD,MC,ES;French
30075;GA;GAB;Gabon;Libreville;267667;1545255;AF;.ga;XAF;Franc;fr-GA;CM,GQ,CG;Gabonese
30076;GB;GBR;United Kingdom;London;244820;62348447;EU;.uk;GBP;Pound;en-GB,cy-GB,gd;IE;English
30077;GD;GRD;Grenada;St. George's;344;107818;NA;.gd;XCD;Dollar;en-GD;;Grenadian
30078;GE;GEO;Georgia;Tbilisi;69700;4630000;AS;.ge;GEL;Lari;ka,ru,hy,az;AM,AZ,TR,RU;Georgian
30079;GF;GUF;French Guiana;Cayenne;91000;195506;SA;.gf;EUR;Euro;fr-GF;SR,BR;
30080;GG;GGY;Guernsey;St Peter Port;78;65228;EU;.gg;GBP;Pound;en,fr;;Guyanese
30081;GH;GHA;Ghana;Accra;239460;24339838;AF;.gh;GHS;Cedi;en-GH,ak,ee,tw;CI,TG,BF;Ghanaian
30082;GI;GIB;Gibraltar;Gibraltar;1;27884;EU;.gi;GIP;Pound;en-GI,es,it,pt;ES;
30083;GL;GRL;Greenland;Nuuk;2166086;56375;NA;.gl;DKK;Krone;kl,da-GL,en;;
30084;GM;GMB;Gambia;Banjul;11300;1593256;AF;.gm;GMD;Dalasi;en-GM,mnk,wof,wo,ff;SN;Gambian
30085;GN;GIN;Guinea;Conakry;245857;10324025;AF;.gn;GNF;Franc;fr-GN;LR,SN,SL,CI,GW,ML;
30086;GP;GLP;Guadeloupe;Basse-Terre;1780;443000;NA;.gp;EUR;Euro;fr-GP;;
30087;GQ;GNQ;Equatorial Guinea;Malabo;28051;1014999;AF;.gq;XAF;Franc;es-GQ,fr;GA,CM;
30088;GR;GRC;Greece;Athens;131940;11000000;EU;.gr;EUR;Euro;el-GR,en,fr;AL,MK,TR,BG;Greek
30089;GS;SGS;South Georgia and the South Sandwich Islands;Grytviken;3903;30;AN;.gs;GBP;Pound;en;;
30090;GT;GTM;Guatemala;Guatemala City;108890;13550440;NA;.gt;GTQ;Quetzal;es-GT;MX,HN,BZ,SV;Guatemalan
30091;GU;GUM;Guam;Hagatna;549;159358;OC;.gu;USD;Dollar;en-GU,ch-GU;;
30092;GW;GNB;Guinea-Bissau;Bissau;36120;1565126;AF;.gw;XOF;Franc;pt-GW,pov;SN,GN;Guinean
30093;GY;GUY;Guyana;Georgetown;214970;748486;SA;.gy;GYD;Dollar;en-GY;SR,BR,VE;
30094;HK;HKG;Hong Kong;Hong Kong;1092;6898686;AS;.hk;HKD;Dollar;zh-HK,yue,zh,en;;
30095;HM;HMD;Heard Island and McDonald Islands;;412;0;AN;.hm;AUD;Dollar;;;
30096;HN;HND;Honduras;Tegucigalpa;112090;7989415;NA;.hn;HNL;Lempira;es-HN;GT,NI,SV;Honduran
30097;HR;HRV;Croatia;Zagreb;56542;4491000;EU;.hr;HRK;Kuna;hr-HR,sr;HU,SI,BA,ME,RS;Croatian
30098;HT;HTI;Haiti;Port-au-Prince;27750;9648924;NA;.ht;HTG;Gourde;ht,fr-HT;DO;Haitian
30099;HU;HUN;Hungary;Budapest;93030;9982000;EU;.hu;HUF;Forint;hu-HU;SK,SI,RO,UA,HR,AT,RS;Hungarian
30100;ID;IDN;Indonesia;Jakarta;1919440;242968342;AS;.id;IDR;Rupiah;id,en,nl,jv;PG,TL,MY;Indonesian
30101;IE;IRL;Ireland;Dublin;70280;4622917;EU;.ie;EUR;Euro;en-IE,ga-IE;GB;Irish
30102;IL;ISR;Israel;Jerusalem;20770;7353985;AS;.il;ILS;Shekel;he,ar-IL,en-IL,;SY,JO,LB,EG,PS;
30103;IM;IMN;Isle of Man;Douglas;572;75049;EU;.im;GBP;Pound;en,gv;;
30104;IN;IND;India;New Delhi;3287590;1173108018;AS;.in;INR;Rupee;en-IN,hi,bn,te,mr,ta,ur,gu,kn,ml,or,pa,as,bh,sat,ks,ne,sd,kok,doi,mni,sit,sa,fr,lus,inc;CN,NP,MM,BT,PK,BD;Indian
30105;IO;IOT;British Indian Ocean Territory;Diego Garcia;60;4000;AS;.io;USD;Dollar;en-IO;;
30106;IQ;IRQ;Iraq;Baghdad;437072;29671605;AS;.iq;IQD;Dinar;ar-IQ,ku,hy;SY,SA,IR,JO,TR,KW;Iraqi
30107;IR;IRN;Iran;Tehran;1648000;76923300;AS;.ir;IRR;Rial;fa-IR,ku;TM,AF,IQ,AM,PK,AZ,TR;Iranian
30108;IS;ISL;Iceland;Reykjavik;103000;308910;EU;.is;ISK;Krona;is,en,de,da,sv,no;;Icelandic
30109;IT;ITA;Italy;Rome;301230;60340328;EU;.it;EUR;Euro;it-IT,de-IT,fr-IT,sc,ca,co,sl;CH,VA,SI,SM,FR,AT;Italian
30110;JE;JEY;Jersey;Saint Helier;116;90812;EU;.je;GBP;Pound;en,pt;;
30111;JM;JAM;Jamaica;Kingston;10991;2847232;NA;.jm;JMD;Dollar;en-JM;;Jamaican
30112;JO;JOR;Jordan;Amman;92300;6407085;AS;.jo;JOD;Dinar;ar-JO,en;SY,SA,IQ,IL,PS;Jordanian
30113;JP;JPN;Japan;Tokyo;377835;127288000;AS;.jp;JPY;Yen;ja;;Japanese
30114;KE;KEN;Kenya;Nairobi;582650;40046566;AF;.ke;KES;Shilling;en-KE,sw-KE;ET,TZ,SS,SO,UG;Kenyan
30115;KG;KGZ;Kyrgyzstan;Bishkek;198500;5776500;AS;.kg;KGS;Som;ky,uz,ru;CN,TJ,UZ,KZ;
30116;KH;KHM;Cambodia;Phnom Penh;181040;14453680;AS;.kh;KHR;Riels;km,fr,en;LA,TH,VN;
30117;KI;KIR;Kiribati;Tarawa;811;92533;OC;.ki;AUD;Dollar;en-KI,gil;;
30118;KM;COM;Comoros;Moroni;2170;773407;AF;.km;KMF;Franc;ar,fr-KM;;
30119;KN;KNA;Saint Kitts and Nevis;Basseterre;261;51134;NA;.kn;XCD;Dollar;en-KN;;
30120;KP;PRK;North Korea;Pyongyang;120540;22912177;AS;.kp;KPW;Won;ko-KP;CN,KR,RU;North Korean
30121;KR;KOR;South Korea;Seoul;98480;48422644;AS;.kr;KRW;Won;ko-KR,en;KP;South Korean
30122;XK;XKX;Kosovo;Pristina;10908;1800000;EU;;EUR;Euro;sq,sr;RS,AL,MK,ME;
30123;KW;KWT;Kuwait;Kuwait City;17820;2789132;AS;.kw;KWD;Dinar;ar-KW,en;SA,IQ;Kuwaiti
30124;KY;CYM;Cayman Islands;George Town;262;44270;NA;.ky;KYD;Dollar;en-KY;;
30125;KZ;KAZ;Kazakhstan;Astana;2717300;15340000;AS;.kz;KZT;Tenge;kk,ru;TM,CN,KG,UZ,RU;
30126;LA;LAO;Laos;Vientiane;236800;6368162;AS;.la;LAK;Kip;lo,fr,en;CN,MM,KH,TH,VN;Laotian
30127;LB;LBN;Lebanon;Beirut;10400;4125247;AS;.lb;LBP;Pound;ar-LB,fr-LB,en,hy;SY,IL;Lebanese
30128;LC;LCA;Saint Lucia;Castries;616;160922;NA;.lc;XCD;Dollar;en-LC;;
30129;LI;LIE;Liechtenstein;Vaduz;160;35000;EU;.li;CHF;Franc;de-LI;CH,AT;
30130;LK;LKA;Sri Lanka;Colombo;65610;21513990;AS;.lk;LKR;Rupee;si,ta,en;;Sri Lankan
30131;LR;LBR;Liberia;Monrovia;111370;3685076;AF;.lr;LRD;Dollar;en-LR;SL,CI,GN;Liberian
30132;LS;LSO;Lesotho;Maseru;30355;1919552;AF;.ls;LSL;Loti;en-LS,st,zu,xh;ZA;
30133;LT;LTU;Lithuania;Vilnius;65200;2944459;EU;.lt;EUR;Euro;lt,ru,pl;PL,BY,RU,LV;Lithuanian
30134;LU;LUX;Luxembourg;Luxembourg;2586;497538;EU;.lu;EUR;Euro;lb,de-LU,fr-LU;DE,BE,FR;
30135;LV;LVA;Latvia;Riga;64589;2217969;EU;.lv;EUR;Euro;lv,ru,lt;LT,EE,BY,RU;Latvian
30136;LY;LBY;Libya;Tripoli;1759540;6461454;AF;.ly;LYD;Dinar;ar-LY,it,en;TD,NE,DZ,SD,TN,EG;Libyan
30137;MA;MAR;Morocco;Rabat;446550;31627428;AF;.ma;MAD;Dirham;ar-MA,fr;DZ,EH,ES;Moroccan
30138;MC;MCO;Monaco;Monaco;1.95;32965;EU;.mc;EUR;Euro;fr-MC,en,it;FR;Monacan
30139;MD;MDA;Moldova;Chisinau;33843;4324000;EU;.md;MDL;Leu;ro,ru,gag,tr;RO,UA;Moldovan
30140;ME;MNE;Montenegro;Podgorica;14026;666730;EU;.me;EUR;Euro;sr,hu,bs,sq,hr,rom;AL,HR,BA,RS,XK;Montenegrin
30141;MF;MAF;Saint Martin;Marigot;53;35925;NA;.gp;EUR;Euro;fr;SX;
30142;MG;MDG;Madagascar;Antananarivo;587040;21281844;AF;.mg;MGA;Ariary;fr-MG,mg;;Madagascan
30143;MH;MHL;Marshall Islands;Majuro;181.3;65859;OC;.mh;USD;Dollar;mh,en-MH;;
30144;MK;MKD;Macedonia;Skopje;25333;2062294;EU;.mk;MKD;Denar;mk,sq,tr,rmm,sr;AL,GR,BG,RS,XK;Macedonian
30145;ML;MLI;Mali;Bamako;1240000;13796354;AF;.ml;XOF;Franc;fr-ML,bm;SN,NE,DZ,CI,GN,MR,BF;Malian
30146;MM;MMR;Myanmar;Nay Pyi Taw;678500;53414374;AS;.mm;MMK;Kyat;my;CN,LA,TH,BD,IN;
30147;MN;MNG;Mongolia;Ulan Bator;1565000;3086918;AS;.mn;MNT;Tugrik;mn,ru;CN,RU;Mongolian
30148;MO;MAC;Macao;Macao;254;449198;AS;.mo;MOP;Pataca;zh,zh-MO,pt;;
30149;MP;MNP;Northern Mariana Islands;Saipan;477;53883;OC;.mp;USD;Dollar;fil,tl,zh,ch-MP,en-MP;;
30150;MQ;MTQ;Martinique;Fort-de-France;1100;432900;NA;.mq;EUR;Euro;fr-MQ;;
30151;MR;MRT;Mauritania;Nouakchott;1030700;3205060;AF;.mr;MRO;Ouguiya;ar-MR,fuc,snk,fr,mey,wo;SN,DZ,EH,ML;Mauritanian
30152;MS;MSR;Montserrat;Plymouth;102;9341;NA;.ms;XCD;Dollar;en-MS;;
30153;MT;MLT;Malta;Valletta;316;403000;EU;.mt;EUR;Euro;mt,en-MT;;Maltese
30154;MU;MUS;Mauritius;Port Louis;2040;1294104;AF;.mu;MUR;Rupee;en-MU,bho,fr;;Mauritian
30155;MV;MDV;Maldives;Male;300;395650;AS;.mv;MVR;Rufiyaa;dv,en;;Maldivian
30156;MW;MWI;Malawi;Lilongwe;118480;15447500;AF;.mw;MWK;Kwacha;ny,yao,tum,swk;TZ,MZ,ZM;Malawian
30157;MX;MEX;Mexico;Mexico City;1972550;112468855;NA;.mx;MXN;Peso;es-MX;GT,US,BZ;Mexican
30158;MY;MYS;Malaysia;Kuala Lumpur;329750;28274729;AS;.my;MYR;Ringgit;ms-MY,en,zh,ta,te,ml,pa,th;BN,TH,ID;Malaysian
30159;MZ;MOZ;Mozambique;Maputo;801590;22061451;AF;.mz;MZN;Metical;pt-MZ,vmw;ZW,TZ,SZ,ZA,ZM,MW;Mozambican
30160;NA;NAM;Namibia;Windhoek;825418;2128471;AF;.na;NAD;Dollar;en-NA,af,de,hz,naq;ZA,BW,ZM,AO;Namibian
30161;NC;NCL;New Caledonia;Noumea;19060;216494;OC;.nc;XPF;Franc;fr-NC;;
30162;NE;NER;Niger;Niamey;1267000;15878271;AF;.ne;XOF;Franc;fr-NE,ha,kr,dje;TD,BJ,DZ,LY,BF,NG,ML;Nigerien
30163;NF;NFK;Norfolk Island;Kingston;1;1828;OC;.nf;AUD;Dollar;en-NF;;
30164;NG;NGA;Nigeria;Abuja;923768;154000000;AF;.ng;NGN;Naira;en-NG,ha,yo,ig,ff;TD,NE,BJ,CM;Nigerian
30165;NI;NIC;Nicaragua;Managua;129494;5995928;NA;.ni;NIO;Cordoba;es-NI,en;CR,HN;Nicaraguan
30166;NL;NLD;Netherlands;Amsterdam;41526;16645000;EU;.nl;EUR;Euro;nl-NL,fy-NL;DE,BE;Dutch
30167;NO;NOR;Norway;Oslo;324220;5009150;EU;.no;NOK;Krone;no,nb,nn,se,fi;FI,RU,SE;Norwegian
30168;NP;NPL;Nepal;Kathmandu;140800;28951852;AS;.np;NPR;Rupee;ne,en;CN,IN;
30169;NR;NRU;Nauru;Yaren;21;10065;OC;.nr;AUD;Dollar;na,en-NR;;
30170;NU;NIU;Niue;Alofi;260;2166;OC;.nu;NZD;Dollar;niu,en-NU;;
30171;NZ;NZL;New Zealand;Wellington;268680;4252277;OC;.nz;NZD;Dollar;en-NZ,mi;;
30172;OM;OMN;Oman;Muscat;212460;2967717;AS;.om;OMR;Rial;ar-OM,en,bal,ur;SA,YE,AE;Omani
30173;PA;PAN;Panama;Panama City;78200;3410676;NA;.pa;PAB;Balboa;es-PA,en;CR,CO;Panamanian
30174;PE;PER;Peru;Lima;1285220;29907003;SA;.pe;PEN;Sol;es-PE,qu,ay;EC,CL,BO,BR,CO;Peruvian
30175;PF;PYF;French Polynesia;Papeete;4167;270485;OC;.pf;XPF;Franc;fr-PF,ty;;
30176;PG;PNG;Papua New Guinea;Port Moresby;462840;6064515;OC;.pg;PGK;Kina;en-PG,ho,meu,tpi;ID;
30177;PH;PHL;Philippines;Manila;300000;99900177;AS;.ph;PHP;Peso;tl,en-PH,fil;;Philippine
30178;PK;PAK;Pakistan;Islamabad;803940;184404791;AS;.pk;PKR;Rupee;ur-PK,en-PK,pa,sd,ps,brh;CN,AF,IR,IN;Pakistani
30179;PL;POL;Poland;Warsaw;312685;38500000;EU;.pl;PLN;Zloty;pl;DE,LT,SK,CZ,BY,UA,RU;Polish
30180;PM;SPM;Saint Pierre and Miquelon;Saint-Pierre;242;7012;NA;.pm;EUR;Euro;fr-PM;;
30181;PN;PCN;Pitcairn;Adamstown;47;46;OC;.pn;NZD;Dollar;en-PN;;
30182;PR;PRI;Puerto Rico;San Juan;9104;3916632;NA;.pr;USD;Dollar;en-PR,es-PR;;
30183;PS;PSE;Palestinian Territory;East Jerusalem;5970;3800000;AS;.ps;ILS;Shekel;ar-PS;JO,IL,EG;
30184;PT;PRT;Portugal;Lisbon;92391;10676000;EU;.pt;EUR;Euro;pt-PT,mwl;ES;Portuguese
30185;PW;PLW;Palau;Melekeok;458;19907;OC;.pw;USD;Dollar;pau,sov,en-PW,tox,ja,fil,zh;;
30186;PY;PRY;Paraguay;Asuncion;406750;6375830;SA;.py;PYG;Guarani;es-PY,gn;BO,BR,AR;Paraguayan
30187;QA;QAT;Qatar;Doha;11437;840926;AS;.qa;QAR;Rial;ar-QA,es;SA;Qatari
30188;RE;REU;Reunion;Saint-Denis;2517;776948;AF;.re;EUR;Euro;fr-RE;;
30189;RO;ROU;Romania;Bucharest;237500;21959278;EU;.ro;RON;Leu;ro,hu,rom;MD,HU,UA,BG,RS;Romanian
30190;RS;SRB;Serbia;Belgrade;88361;7344847;EU;.rs;RSD;Dinar;sr,hu,bs,rom;AL,HU,MK,RO,HR,BA,BG,ME,XK;Serbian
30191;RU;RUS;Russia;Moscow;17100000;140702000;EU;.ru;RUB;Ruble;ru,tt,xal,cau,ady,kv,ce,tyv,cv,udm,tut,mns,bua,myv,mdf,chm,ba,inh,tut,kbd,krc,ava,sah,nog;GE,CN,BY,UA,KZ,LV,PL,EE,LT,FI,MN,NO,AZ,KP;Russian
30192;RW;RWA;Rwanda;Kigali;26338;11055976;AF;.rw;RWF;Franc;rw,en-RW,fr-RW,sw;TZ,CD,BI,UG;Rwandan
30193;SA;SAU;Saudi Arabia;Riyadh;1960582;25731776;AS;.sa;SAR;Rial;ar-SA;QA,OM,IQ,YE,JO,AE,KW;Saudi Arabian
30194;SB;SLB;Solomon Islands;Honiara;28450;559198;OC;.sb;SBD;Dollar;en-SB,tpi;;
30195;SC;SYC;Seychelles;Victoria;455;88340;AF;.sc;SCR;Rupee;en-SC,fr-SC;;Seychellois
30196;SD;SDN;Sudan;Khartoum;1861484;35000000;AF;.sd;SDG;Pound;ar-SD,en,fia;SS,TD,EG,ET,ER,LY,CF;Sudanese
30197;SS;SSD;South Sudan;Juba;644329;8260490;AF;;SSP;Pound;en;CD,CF,ET,KE,SD,UG,;
30198;SE;SWE;Sweden;Stockholm;449964;9828655;EU;.se;SEK;Krona;sv-SE,se,sma,fi-SE;NO,FI;Swedish
30199;SG;SGP;Singapore;Singapore;692.7;4701069;AS;.sg;SGD;Dollar;cmn,en-SG,ms-SG,ta-SG,zh-SG;;Singaporean
30200;SH;SHN;Saint Helena;Jamestown;410;7460;AF;.sh;SHP;Pound;en-SH;;
30201;SI;SVN;Slovenia;Ljubljana;20273;2007000;EU;.si;EUR;Euro;sl,sh;HU,IT,HR,AT;Slovenien
30202;SJ;SJM;Svalbard and Jan Mayen;Longyearbyen;62049;2550;EU;.sj;NOK;Krone;no,ru;;
30203;SK;SVK;Slovakia;Bratislava;48845;5455000;EU;.sk;EUR;Euro;sk,hu;PL,HU,CZ,UA,AT;Slovakian
30204;SL;SLE;Sierra Leone;Freetown;71740;5245695;AF;.sl;SLL;Leone;en-SL,men,tem;LR,GN;Sierra Leonian
30205;SM;SMR;San Marino;San Marino;1;31477;EU;.sm;EUR;Euro;it-SM;IT;
30206;SN;SEN;Senegal;Dakar;196190;12323252;AF;.sn;XOF;Franc;fr-SN,wo,fuc,mnk;GN,MR,GW,GM,ML;Senegalese
30207;SO;SOM;Somalia;Mogadishu;637657;10112453;AF;.so;SOS;Shilling;so-SO,ar-SO,it,en-SO;ET,KE,DJ;Somali
30208;SR;SUR;Suriname;Paramaribo;163270;492829;SA;.sr;SRD;Dollar;nl-SR,en,srn,hns,jv;GY,BR,GF;Surinamese
30209;ST;STP;Sao Tome and Principe;Sao Tome;1001;175808;AF;.st;STD;Dobra;pt-ST;;
30210;SV;SLV;El Salvador;San Salvador;21040;6052064;NA;.sv;USD;Dollar;es-SV;GT,HN;Salvadorean
30211;SX;SXM;Sint Maarten;Philipsburg;21;37429;NA;.sx;ANG;Guilder;nl,en;MF;
30212;SY;SYR;Syria;Damascus;185180;22198110;AS;.sy;SYP;Pound;ar-SY,ku,hy,arc,fr,en;IQ,JO,IL,TR,LB;Syrian
30213;SZ;SWZ;Swaziland;Mbabane;17363;1354051;AF;.sz;SZL;Lilangeni;en-SZ,ss-SZ;ZA,MZ;Swazi
30214;TC;TCA;Turks and Caicos Islands;Cockburn Town;430;20556;NA;.tc;USD;Dollar;en-TC;;
30215;TD;TCD;Chad;N'Djamena;1284000;10543464;AF;.td;XAF;Franc;fr-TD,ar-TD,sre;NE,LY,CF,SD,CM,NG;
30216;TF;ATF;French Southern Territories;Port-aux-Francais;7829;140;AN;.tf;EUR;Euro  ;fr;;
30217;TG;TGO;Togo;Lome;56785;6587239;AF;.tg;XOF;Franc;fr-TG,ee,hna,kbp,dag,ha;BJ,GH,BF;Togolese
30218;TH;THA;Thailand;Bangkok;514000;67089500;AS;.th;THB;Baht;th,en;LA,MM,KH,MY;Thai
30219;TJ;TJK;Tajikistan;Dushanbe;143100;7487489;AS;.tj;TJS;Somoni;tg,ru;CN,AF,KG,UZ;Tajik
30220;TK;TKL;Tokelau;;10;1466;OC;.tk;NZD;Dollar;tkl,en-TK;;
30221;TL;TLS;East Timor;Dili;15007;1154625;OC;.tl;USD;Dollar;tet,pt-TL,id,en;ID;
30222;TM;TKM;Turkmenistan;Ashgabat;488100;4940916;AS;.tm;TMT;Manat;tk,ru,uz;AF,IR,UZ,KZ;Turkmen
30223;TN;TUN;Tunisia;Tunis;163610;10589025;AF;.tn;TND;Dinar;ar-TN,fr;DZ,LY;Tunisian
30224;TO;TON;Tonga;Nuku'alofa;748;122580;OC;.to;TOP;Pa'anga;to,en-TO;;
30225;TR;TUR;Turkey;Ankara;780580;77804122;AS;.tr;TRY;Lira;tr-TR,ku,diq,az,av;SY,GE,IQ,IR,GR,AM,AZ,BG;
30226;TT;TTO;Trinidad and Tobago;Port of Spain;5128;1228691;NA;.tt;TTD;Dollar;en-TT,hns,fr,es,zh;;
30227;TV;TUV;Tuvalu;Funafuti;26;10472;OC;.tv;AUD;Dollar;tvl,en,sm,gil;;Tuvaluan
30228;TW;TWN;Taiwan;Taipei;35980;22894384;AS;.tw;TWD;Dollar;zh-TW,zh,nan,hak;;Taiwanese
30229;TZ;TZA;Tanzania;Dodoma;945087;41892895;AF;.tz;TZS;Shilling;sw-TZ,en,ar;MZ,KE,CD,RW,ZM,BI,UG,MW;Tanzanian
30230;UA;UKR;Ukraine;Kiev;603700;45415596;EU;.ua;UAH;Hryvnia;uk,ru-UA,rom,pl,hu;PL,MD,HU,SK,BY,RO,RU;Ukrainian
30231;UG;UGA;Uganda;Kampala;236040;33398682;AF;.ug;UGX;Shilling;en-UG,lg,sw,ar;TZ,KE,SS,CD,RW;Ugandan
30232;UM;UMI;United States Minor Outlying Islands;;0;0;OC;.um;USD;Dollar ;en-UM;;
30233;US;USA;United States;Washington;9629091;310232863;NA;.us;USD;Dollar;en-US,es-US,haw,fr;CA,MX,CU;US
30234;UY;URY;Uruguay;Montevideo;176220;3477000;SA;.uy;UYU;Peso;es-UY;BR,AR;Uruguayan
30235;UZ;UZB;Uzbekistan;Tashkent;447400;27865738;AS;.uz;UZS;Som;uz,ru,tg;TM,AF,KG,TJ,KZ;Uzbek
30236;VA;VAT;Vatican;Vatican City;0.44;921;EU;.va;EUR;Euro;la,it,fr;IT;
30237;VC;VCT;Saint Vincent and the Grenadines;Kingstown;389;104217;NA;.vc;XCD;Dollar;en-VC,fr;;
30238;VE;VEN;Venezuela;Caracas;912050;27223228;SA;.ve;VEF;Bolivar;es-VE;GY,BR,CO;Venezuelan
30239;VG;VGB;British Virgin Islands;Road Town;153;21730;NA;.vg;USD;Dollar;en-VG;;
30240;VI;VIR;US Virgin Islands;Charlotte Amalie;352;108708;NA;.vi;USD;Dollar;en-VI;;
30241;VI;VIR;U.S. Virgin Islands;Charlotte Amalie;352;108708;NA;.vi;USD;Dollar;en-VI;;
30242;VN;VNM;Vietnam;Hanoi;329560;89571130;AS;.vn;VND;Dong;vi,en,fr,zh,km;CN,LA,KH;Vietnamese
30243;VU;VUT;Vanuatu;Port Vila;12200;221552;OC;.vu;VUV;Vatu;bi,en-VU,fr-VU;;Vanuatuan
30244;WF;WLF;Wallis and Futuna;Mata Utu;274;16025;OC;.wf;XPF;Franc;wls,fud,fr-WF;;
30245;WS;WSM;Samoa;Apia;2944;192001;OC;.ws;WST;Tala;sm,en-WS;;
30246;YE;YEM;Yemen;Sanaa;527970;23495361;AS;.ye;YER;Rial;ar-YE;SA,OM;Yemeni
30247;YT;MYT;Mayotte;Mamoudzou;374;159042;AF;.yt;EUR;Euro;fr-YT;;
30248;ZA;ZAF;South Africa;Pretoria;1219912;49000000;AF;.za;ZAR;Rand;zu,xh,af,nso,en-ZA,tn,st,ts,ss,ve,nr;ZW,SZ,MZ,BW,NA,LS;South African
30249;ZM;ZMB;Zambia;Lusaka;752614;13460305;AF;.zm;ZMW;Kwacha;en-ZM,bem,loz,lun,lue,ny,toi;ZW,TZ,MZ,CD,NA,MW,AO;Zambian
30250;ZW;ZWE;Zimbabwe;Harare;390580;11651858;AF;.zw;ZWL;Dollar;en-ZW,sn,nr,nd;ZA,MZ,BW,ZM;Zimbabwean
30251;CS;SCG;Serbia and Montenegro;Belgrade;102350;10829175;EU;.cs;RSD;Dinar;cu,hu,sq,sr;AL,HU,MK,RO,HR,BA,BG;
30252;AN;ANT;Netherlands Antilles;Willemstad;960;300000;NA;.an;ANG;Guilder;nl-AN,en,es;GP;
30076;GB;;;;;;;;;;;;UK
30233;US;;;;;;;;;;;;USA